-- phpMyAdmin SQL Dump
-- version 5.2.0
-- https://www.phpmyadmin.net/
--
-- Gazdă: 127.0.0.1
-- Timp de generare: iul. 12, 2022 la 08:50 PM
-- Versiune server: 10.4.24-MariaDB
-- Versiune PHP: 8.1.6

SET SQL_MODE = "NO_AUTO_VALUE_ON_ZERO";
START TRANSACTION;
SET time_zone = "+00:00";


/*!40101 SET @OLD_CHARACTER_SET_CLIENT=@@CHARACTER_SET_CLIENT */;
/*!40101 SET @OLD_CHARACTER_SET_RESULTS=@@CHARACTER_SET_RESULTS */;
/*!40101 SET @OLD_COLLATION_CONNECTION=@@COLLATION_CONNECTION */;
/*!40101 SET NAMES utf8mb4 */;

--
-- Bază de date: `analize`
--

-- --------------------------------------------------------

--
-- Structură tabel pentru tabel `buletine`
--

CREATE TABLE `buletine` (
  `NrBuletin` int(11) NOT NULL,
  `DataRecoltare` date NOT NULL,
  `NrCerere` int(11) NOT NULL,
  `id_user` int(11) DEFAULT NULL
) ENGINE=InnoDB DEFAULT CHARSET=ucs2 COLLATE=ucs2_romanian_ci;

--
-- Eliminarea datelor din tabel `buletine`
--

INSERT INTO `buletine` (`NrBuletin`, `DataRecoltare`, `NrCerere`, `id_user`) VALUES
(5, '2022-02-07', 2147483647, 7),
(6, '2022-03-04', 100068544, 7),
(8, '2020-08-18', 2147483647, 9),
(9, '2019-08-20', 2147483647, 9),
(12, '2021-03-12', 1565157427, 7);

-- --------------------------------------------------------

--
-- Structură tabel pentru tabel `buletine_analize`
--

CREATE TABLE `buletine_analize` (
  `NrBuletin` int(11) NOT NULL,
  `IDA` int(11) NOT NULL,
  `Rezultat` varchar(100) COLLATE ucs2_romanian_ci NOT NULL
) ENGINE=InnoDB DEFAULT CHARSET=ucs2 COLLATE=ucs2_romanian_ci;

--
-- Eliminarea datelor din tabel `buletine_analize`
--

INSERT INTO `buletine_analize` (`NrBuletin`, `IDA`, `Rezultat`) VALUES
(2, 11, '678'),
(2, 190, '345'),
(5, 1, '13.6'),
(5, 262, '0.4'),
(5, 400, '33.2'),
(5, 554, '2'),
(5, 641, '<10'),
(5, 719, '35.2'),
(5, 725, '11.7'),
(5, 726, '30.2'),
(5, 781, '11.2'),
(5, 791, '36.6'),
(5, 820, '7'),
(5, 834, '54'),
(5, 843, '3.87'),
(5, 844, '6.83'),
(5, 845, '270'),
(5, 916, '0.04'),
(5, 944, '4'),
(5, 1136, '91'),
(5, 1137, '10.1'),
(6, 1, '13.4'),
(6, 262, '0.3'),
(6, 400, '33.9'),
(6, 554, '3.8'),
(6, 641, '13'),
(6, 719, '35.1'),
(6, 725, '11.9'),
(6, 726, '30.4'),
(6, 781, '13'),
(6, 791, '39.1'),
(6, 820, '8.8'),
(6, 834, '48'),
(6, 843, '3.91'),
(6, 844, '6.35'),
(6, 845, '345'),
(6, 916, 'negativ'),
(6, 923, '6.74'),
(6, 1136, '89.3'),
(6, 1137, '9.7'),
(8, 1, '12.2'),
(8, 42, '15.4'),
(8, 43, '19.3'),
(8, 262, '1.4'),
(8, 387, '68.9'),
(8, 388, '266'),
(8, 390, '341'),
(8, 400, '32.5'),
(8, 554, '3.5'),
(8, 706, '95'),
(8, 719, '39.7'),
(8, 725, '12.9'),
(8, 726, '29.2'),
(8, 781, '10.5'),
(8, 791, '42.8'),
(8, 793, '954.25'),
(8, 820, '8'),
(8, 834, '44.3'),
(8, 843, '4.42'),
(8, 844, '5.75'),
(8, 845, '316'),
(8, 1052, '97'),
(8, 1059, '2.5'),
(8, 1136, '89.8'),
(8, 1137, '9.5'),
(9, 1, '12.3'),
(9, 262, '1.3'),
(9, 387, '65'),
(9, 388, '236.5'),
(9, 390, '314.3'),
(9, 400, '32.9'),
(9, 554, '3.6'),
(9, 719, '39.8'),
(9, 725, '13.1'),
(9, 726, '28.9'),
(9, 781, '11.8'),
(9, 791, '50.7'),
(9, 793, '964'),
(9, 820, '9'),
(9, 834, '35.4'),
(9, 843, '4.53'),
(9, 844, '5.33'),
(9, 1052, '167.2'),
(9, 1060, '3.03'),
(9, 1136, '87.9'),
(12, 1, '11'),
(12, 262, '1'),
(12, 400, '34'),
(12, 641, '13'),
(12, 719, '40'),
(12, 725, '15.4'),
(12, 726, '30.2'),
(12, 781, '11.2'),
(12, 791, '55'),
(12, 820, '15'),
(12, 834, '93'),
(12, 843, '4.7'),
(12, 844, '6.80'),
(12, 845, '370'),
(12, 916, '0.2'),
(12, 944, '10'),
(12, 1136, '102'),
(12, 1137, '11');

-- --------------------------------------------------------

--
-- Structură tabel pentru tabel `cfg_useri`
--

CREATE TABLE `cfg_useri` (
  `id_user` int(11) NOT NULL,
  `nume` varchar(20) COLLATE ucs2_romanian_ci DEFAULT NULL,
  `prenume` varchar(20) COLLATE ucs2_romanian_ci DEFAULT NULL,
  `cnp` varchar(13) COLLATE ucs2_romanian_ci NOT NULL,
  `username` varchar(20) COLLATE ucs2_romanian_ci NOT NULL,
  `parola` varchar(100) COLLATE ucs2_romanian_ci NOT NULL,
  `tip` varchar(20) COLLATE ucs2_romanian_ci NOT NULL DEFAULT '1',
  `mail` varchar(50) COLLATE ucs2_romanian_ci DEFAULT NULL,
  `mobil` varchar(250) COLLATE ucs2_romanian_ci DEFAULT NULL,
  `stare` varchar(20) COLLATE ucs2_romanian_ci DEFAULT NULL
) ENGINE=InnoDB DEFAULT CHARSET=ucs2 COLLATE=ucs2_romanian_ci;

--
-- Eliminarea datelor din tabel `cfg_useri`
--

INSERT INTO `cfg_useri` (`id_user`, `nume`, `prenume`, `cnp`, `username`, `parola`, `tip`, `mail`, `mobil`, `stare`) VALUES
(1, 'AAA', 'BBB', '1930915120071', 'admin1', 'e10adc3949ba59abbe56e057f20f883e', 'Administrator', 'aaabbb@gmail.com', '', ''),
(7, 'Bosoaga', 'Iulia', '6000421284549', 'bosoaga_julia', 'e10adc3949ba59abbe56e057f20f883e', 'Pacient', 'bosoagaiulia@gmail.com', NULL, ''),
(9, 'Zaharie', 'Daniela', '2650901354794', 'DanielaZaharie', '827ccb0eea8a706c4c34a16891f84e7b', 'Pacient', 'daniela.zaharie@gmail.com', NULL, ''),
(13, 'test', 'test2', '1232323232323', 'cristian', '5b1b68a9abf4d2cd155c81a9225fd158', 'Pacient', '', 'test2', NULL);

-- --------------------------------------------------------

--
-- Structură tabel pentru tabel `nom_analize`
--

CREATE TABLE `nom_analize` (
  `IDA` int(11) NOT NULL,
  `DenumireA` varchar(250) COLLATE ucs2_romanian_ci NOT NULL,
  `Um` varchar(50) COLLATE ucs2_romanian_ci NOT NULL,
  `IntervalRef` varchar(250) COLLATE ucs2_romanian_ci NOT NULL
) ENGINE=InnoDB DEFAULT CHARSET=ucs2 COLLATE=ucs2_romanian_ci;

--
-- Eliminarea datelor din tabel `nom_analize`
--

INSERT INTO `nom_analize` (`IDA`, `DenumireA`, `Um`, `IntervalRef`) VALUES
(1, '*Largimea distributiei eritrocitare', '%', '11.6-14.8'),
(2, 'Acetonă în urină', '', ''),
(3, 'Acid 1,4–metil-imidazolacetic (metabolit histamina)', '', ''),
(4, 'Acid 5-hidroxi-indolacetic', '', ''),
(5, 'Acid alfa lipoic', '', ''),
(6, 'Acid delta-aminolevulinic', '', ''),
(7, 'Acid hialuronic', '', ''),
(8, 'Acid hipuric în urină', '', ''),
(9, 'Acid homovanilic', '', ''),
(10, 'Acid metilmalonic în ser', '', ''),
(11, 'Acid metilmalonic în urină', '', ''),
(12, 'Acid micofenolic în ser', '', ''),
(13, 'Acid orotic în urină', '', ''),
(14, 'Acid pipecolic în plasmă', '', ''),
(15, 'Acid pipecolic în urină', '', ''),
(16, 'Acid uric seric', '', ''),
(17, 'Acid uric urinar', '', ''),
(18, 'Acid valproic', '', ''),
(19, 'Acid vanilmandelic', '', ''),
(20, 'Acizi biliari in materii fecale', '', ''),
(21, 'Acizi biliari în ser', '', ''),
(22, 'Acizi grași cu lanț foarte lung atomi carbon (VLCFA)', '', ''),
(23, 'Acizi grași liberi în ser', '', ''),
(24, 'Acizi grași omega 3 și omega 6', '', ''),
(25, 'Acizi organici în urină', '', ''),
(26, 'ACTH', '', ''),
(27, 'Activitatea diaminoxidazei(DAO) - intoleranta la histamina', '', ''),
(28, 'Activitatea plasminogenului', '', ''),
(29, 'Adalimumab', '', ''),
(30, 'ADAMTS-13 (proteaza factorului vonWillebrandt)', '', ''),
(31, 'Adenovirusuri-serologie', '', ''),
(32, 'Adenozin deaminaza (ADA) in lichid de punctie', '', ''),
(33, 'Adiponectina', '', ''),
(34, 'ADN viral hepatita B (cantitativ)', '', ''),
(35, 'Adrenoleucodistrofie X-linkată – mutații genă ABCD', '', ''),
(36, 'AFP ( Alfa-feto proteina ) – Marker sarcina/Triplu test', '', ''),
(37, 'AFP (Alfa-feto proteina)', '', ''),
(38, 'AFP (Alfa-fetoproteina) – L3%', '', ''),
(39, 'Ag HBe', '', ''),
(40, 'Ag HBs (screening)', '', ''),
(41, 'Ag HBs cantitativ', '', ''),
(42, 'Alaninaminotransferaza (GPT/ALAT/ALT)', 'U/L', '<35'),
(43, 'Alaninaminotransferază (GOT/ASAT/AST)', 'U/L', '<35'),
(44, 'Albumina in lichid cefalo-rahidian (LCR)', '', ''),
(45, 'Albumina lichid punctie', '', ''),
(46, 'Albumina serica', '', ''),
(47, 'Albumina/Creatinina', '', ''),
(48, 'Albuminurie – raport albumină/creatinină', '', ''),
(49, 'Albuminurie – rata de excreție în 24 ore', '', ''),
(50, 'Alcoolemie', '', ''),
(51, 'Aldolaza', '', ''),
(52, 'Aldosteron seric', '', ''),
(53, 'Aldosteron urinar', '', ''),
(54, 'Alfa 1 antitripsina în materii fecale', '', ''),
(55, 'Alfa 1 antitripsina-AAT', '', ''),
(56, 'Alfa 1 microglobulină în urină', '', ''),
(57, 'Alfa galactoza 1,3 galactoza, IgE specific (IgE alpha gal)', '', ''),
(58, 'Alfa1-antitripsină-genotipare (PiM, PiZ, PiS)', '', ''),
(59, 'Alfa2-macroglobulina', '', ''),
(60, 'Alfa-galactozidaza în sânge', '', ''),
(61, 'Alfa-talasemie-testare genetica (HBA1)', '', ''),
(62, 'Alimente amestec (fx5)', '', ''),
(63, 'Alternaria alternata IgE (m6)', '', ''),
(64, 'Alternaria alternata IgG (Gm6) – lamanul fermierului', '', ''),
(65, 'Alternaria alternata m229 rAlt a1, IgE specific', '', ''),
(66, 'Aluminiu în sânge', '', ''),
(67, 'Ambrosia elatior (alergen recombinat ambrozie: nAmb a1)', '', ''),
(68, 'Ambrosia elatior, IgE specific', '', ''),
(69, 'Amebiaza – diagnostic serologic', '', ''),
(70, 'Amilaza lichid punctie', '', ''),
(71, 'Amilaza serica', '', ''),
(72, 'Amilaza serică-izoenzime', '', ''),
(73, 'Amilaza urinară', '', ''),
(74, 'Amiloid A în ser', '', ''),
(75, 'Aminoacizi in LCR', '', ''),
(76, 'Aminoacizi în plasmă', '', ''),
(77, 'Aminoacizi în urină', '', ''),
(78, 'Aminoacizi în urină spontană', '', ''),
(79, 'Amiodaronă în ser', '', ''),
(80, 'Amoniac', '', ''),
(81, 'Amprentă anală', '', ''),
(82, 'Analiza amplificării genei HER2 în tumori (CISH)', '', ''),
(83, 'Analiza complexă a spermei', '', ''),
(84, 'Analiza cromozomiala din vilozitati coriale/produs de conceptie', '', ''),
(85, 'Analiza cromozomială (cariotip) în lichid amniotic', '', ''),
(86, 'Analiza cromozomială în sânge (cariotip constituțional)', '', ''),
(87, 'Analiza cromozomială în sânge (cariotip) – bărbat (cuplu)', '', ''),
(88, 'Analiza microbiotei – evaluare functională a tractului digestiv', '', ''),
(89, 'Analiza polimorfismului genei IL-1 (risc parodontita)', '', ''),
(90, 'Analiza polimorfismului genei interleukinei 28B (IL-28B)', '', ''),
(91, 'Analiză calculi biliari', '', ''),
(92, 'Analiză calculi urinari', '', ''),
(93, 'Analiză cromozomială în sânge (cariotip) – femeie (cuplu)', '', ''),
(94, 'Analiză cromozomială neoplazii hematologice (măduvă osoasă)', '', ''),
(95, 'Androstendion', '', ''),
(96, 'Anemie Fanconi – testare genetica', '', ''),
(97, 'Angiotensin convertaza (ACE)', '', ''),
(98, 'Angiotensin convertaza (ACE) în LCR', '', ''),
(99, 'Angiotensina II', '', ''),
(100, 'Anticoagulant lupic', '', ''),
(101, 'Anticorpi anti -21 hidroxilaza', '', ''),
(102, 'Anticorpi anti receptor TSH (TRab)', '', ''),
(103, 'Anticorpi anti-acini pancreatici', '', ''),
(104, 'Anticorpi anti-adalimumab', '', ''),
(105, 'Anticorpi anti-ADN dublu catenar', '', ''),
(106, 'Anticorpi anti-ADN monocatenar (ssDNA)', '', ''),
(107, 'Anticorpi anti-anexina V', '', ''),
(108, 'Anticorpi anti-anhidrază carbonică II', '', ''),
(109, 'Anticorpi anti-aquaporin 4', '', ''),
(110, 'Anticorpi anti-beta2 glicoproteina 1 – IgA, IgG, IgM', '', ''),
(111, 'Anticorpi anti-BP 180 (pemfigoid bulos)', '', ''),
(112, 'Anticorpi anti-C1q', '', ''),
(113, 'Anticorpi anti-canale de calciu (tip N și PQ)', '', ''),
(114, 'Anticorpi anti-canale de potasiu voltaj-dependente', '', ''),
(115, 'Anticorpi anticardiolipinici IgG', '', ''),
(116, 'Anticorpi anticardiolipinici IgG, IgM', '', ''),
(117, 'Anticorpi anticardiolipinici IgM', '', ''),
(118, 'Anticorpi anti-CCP', '', ''),
(119, 'Anticorpi anti-celule insulare pancreatice', '', ''),
(120, 'Anticorpi anti-celule parietale gastrice', '', ''),
(121, 'Anticorpi anti-centromer', '', ''),
(122, 'Anticorpi anti-citoplasma neutrofile (ANCA) – imunofluorescenta', '', ''),
(123, 'Anticorpi anti-desmoglein 1 si 3 (DSG 1 si 3)', '', ''),
(124, 'Anticorpi anti-desmozomali (pemfigus)', '', ''),
(125, 'Anticorpi anti-duct biliar', '', ''),
(126, 'Anticorpi anti-endomisium IgA', '', ''),
(127, 'Anticorpi anti-endomisium IgG', '', ''),
(128, 'Anticorpi anti-enterocit IgG, IgA', '', ''),
(129, 'Anticorpi antieritrocitari în sarcină', '', ''),
(130, 'Anticorpi anti-eritropoietina', '', ''),
(131, 'Anticorpi anti-factor intrinsec', '', ''),
(132, 'Anticorpi anti-fibră musculară striată (anti-striaționali)', '', ''),
(133, 'Anticorpi anti-fosfatidilserină IgG/IgM/IgA', '', ''),
(134, 'Anticorpi anti-gangliozide (IgG/IgM)', '', ''),
(135, 'Anticorpi anti-gliadin deamidad IgA', '', ''),
(136, 'Anticorpi anti-gliadin deamidad IgG', '', ''),
(137, 'Anticorpi anti-glicoproteina asociată mielinei (MAG)', '', ''),
(138, 'Anticorpi anti-glutamat decarboxilaza (GAD) in LCR', '', ''),
(139, 'Anticorpi anti-glutamat decarboxilază (GAD) în ser', '', ''),
(140, 'Anticorpi Anti-HD', '', ''),
(141, 'Anticorpi anti-hialuronidaza', '', ''),
(142, 'Anticorpi anti-hipofizari (lob anterior)', '', ''),
(143, 'Anticorpi anti-hipofizari (lob posterior)', '', ''),
(144, 'Anticorpi anti-histone IgG', '', ''),
(145, 'Anticorpi anti-HTLV (virusul leucemiei cu celule T a adultului)', '', ''),
(146, 'Anticorpi anti-IgA', '', ''),
(147, 'Anticorpi anti-infliximab', '', ''),
(148, 'Anticorpi anti-insulină', '', ''),
(149, 'Anticorpi anti-Jo-1', '', ''),
(150, 'Anticorpi anti-La (SS-B)', '', ''),
(151, 'Anticorpi anti-LC1 IgG (citosol hepatic)', '', ''),
(152, 'Anticorpi anti-LKM1', '', ''),
(153, 'Anticorpi anti-MCV (vimentina citrulinata mutanta)', '', ''),
(154, 'Anticorpi anti-membrană bazală epidermică (pemfigoid)', '', ''),
(155, 'Anticorpi anti-membrană bazală glomerulară', '', ''),
(156, 'Anticorpi anti-membrană celulă hepatică', '', ''),
(157, 'Anticorpi anti-mieloperoxidază (p-ANCA)', '', ''),
(158, 'Anticorpi anti-miocard', '', ''),
(159, 'Anticorpi anti-mitocondriali (AMA)', '', ''),
(160, 'Anticorpi anti-MOG (glicoproteina oligodendrocitara a mielinei)', '', ''),
(161, 'Anticorpi anti-MuSK', '', ''),
(162, 'Anticorpi anti-mușchi neted (ASMA)', '', ''),
(163, 'Anticorpi anti-natalizumab (Tysabri)', '', ''),
(164, 'Anticorpi anti-neuronali', '', ''),
(165, 'Anticorpi anti-neuronali în LCR', '', ''),
(166, 'Anticorpi antinucleari (imunofluorescență)', '', ''),
(167, 'Anticorpi antinucleari (screening)', '', ''),
(168, 'Anticorpi anti-nucleozom', '', ''),
(169, 'Anticorpi anti-ovarieni', '', ''),
(170, 'Anticorpi anti-proteina bazică a mielinei (MBP) in LCR', '', ''),
(171, 'Anticorpi anti-proteina bazică a mielinei (MBP) în ser', '', ''),
(172, 'Anticorpi anti-proteinaza 3 (c-ANCA)', '', ''),
(173, 'Anticorpi anti-receptor acetilcolină', '', ''),
(174, 'Anticorpi anti-receptor fosfolipaza A2', '', ''),
(175, 'Anticorpi anti-receptor glutamat (tip AMPA) în LCR', '', ''),
(176, 'Anticorpi anti-receptor glutamat (tip AMPA) în ser', '', ''),
(177, 'Anticorpi anti-receptor glutamat (tip NMDA) în LCR', '', ''),
(178, 'Anticorpi anti-receptor glutamat (tip NMDA) în ser', '', ''),
(179, 'Anticorpi anti-receptor IgE (Fc epsilon RI)', '', ''),
(180, 'Anticorpi anti-receptor rianodina', '', ''),
(181, 'Anticorpi anti-Ro (SS-A)', '', ''),
(182, 'Anticorpi anti-Saccharomyces cerevisiae (ASCA) IgA, IgG', '', ''),
(183, 'Anticorpi anti-Scl-100', '', ''),
(184, 'Anticorpi anti-Scl-70', '', ''),
(185, 'Anticorpi anti-SLA/LP', '', ''),
(186, 'Anticorpi anti-Sm', '', ''),
(187, 'Anticorpi antispermatozoizi în ser', '', ''),
(188, 'Anticorpi antispermatozoizi în spermă (test SpermMar)', '', ''),
(189, 'Anticorpi anti-SRP', '', ''),
(190, 'Anticorpi anti-streptodornaza (anti DNA-aza) B', '', ''),
(191, 'Anticorpi anti-streptokinaza', '', ''),
(192, 'Anticorpi anti-suprarenală', '', ''),
(193, 'Anticorpi anti-tirozinfosfataza IA2', '', ''),
(194, 'Anticorpi anti-titin', '', ''),
(195, 'Anticorpi anti-toxină difterică', '', ''),
(196, 'Anticorpi anti-toxină tetanică', '', ''),
(197, 'Anticorpi antitransglutaminază tisulară: IgA, IgG (test Celikey)', '', ''),
(198, 'Anticorpi anti-transportor 8 zinc', '', ''),
(199, 'Anticorpi antitrombocitari liberi în ser', '', ''),
(200, 'Anticorpi anti-U1RNP', '', ''),
(201, 'Anticorpi ENA-Blot (SS-A, SS-B, RNP, Scl-70, Jo-1, Sm)', '', ''),
(202, 'Anticorpi heterofili (mononucleoza infectioasa)', '', ''),
(203, 'Anticorpi IgG anti-proteina P ribozomala', '', ''),
(204, 'Anticorpi Treponema pallidum IgG in LCR/ser', '', ''),
(205, 'Anticorpi-mitocondrii ( AMA )', '', ''),
(206, 'Anti-FXa (activitate reziduală Factor Xa)', '', ''),
(207, 'Antigen Aspergillus (galactomannan)', '', ''),
(208, 'Antigen Campylobacter în materii fecale', '', ''),
(209, 'Antigen Candida albicans în ser', '', ''),
(210, 'Antigen Cryptococcus neoformans în lichid-cefalo-rahidian', '', ''),
(211, 'Antigen Cryptococcus neoformans în ser', '', ''),
(212, 'Antigen Giardia', '', ''),
(213, 'Antigen Helicobacter pylori din materii fecale', '', ''),
(214, 'Antigen Legionella pneumophila în urină', '', ''),
(215, 'Antigen Norovirus', '', ''),
(216, 'Antigen Rotavirus/Adenovirus în materii fecale', '', ''),
(217, 'Antigen Streptococ betahemolitic grup A', '', ''),
(218, 'Antigenul polipeptidic tisular – TPA (Tissue Polypeptide Antigen)', '', ''),
(219, 'Anti-HAV', '', ''),
(220, 'Anti-HAV-IgM', '', ''),
(221, 'Anti-HBc', '', ''),
(222, 'Anti-HBc-IgM', '', ''),
(223, 'Anti-HBe', '', ''),
(224, 'Anti-HBs(cantitativ)', '', ''),
(225, 'Anti-HCV', '', ''),
(226, 'Anti-HCV (confirmare)', '', ''),
(227, 'Anti-HIV 1 (confirmare)', '', ''),
(228, 'Anti-HIV 1+2', '', ''),
(229, 'Antistreptolizina O (ASLO)', '', ''),
(230, 'Anti-tiroglobulina', '', ''),
(231, 'Anti-TPO (Anti-tiroidperoxidaza)', '', ''),
(232, 'Antitrombina (antitrombina III)', '', ''),
(233, 'Apolipoproteina A1', '', ''),
(234, 'Apolipoproteina B', '', ''),
(235, 'Apolipoproteina E', '', ''),
(236, 'Apolipoproteina E -genotipare', '', ''),
(237, 'Arahidă – alergen recombinant rAra h1, IgE specific', '', ''),
(238, 'Arahidă – alergen recombinant rAra h2, IgE specific', '', ''),
(239, 'Arahidă – alergen recombinant rAra h8, IgE specific', '', ''),
(240, 'Arahidă – alergen recombinant rAra h9, IgE specific', '', ''),
(241, 'Argint în ser', '', ''),
(242, 'Arilsulfatază', '', ''),
(243, 'ARN viral hepatita C (cantitativ)', '', ''),
(244, 'ARN viral hepatită D (cantitativ)', '', ''),
(245, 'ARN Viral SARS-CoV-2', '', ''),
(246, 'Arseniu în sânge', '', ''),
(247, 'Arseniu în urină', '', ''),
(248, 'Artemisia vulgaris (alergen recombinat pelin: nArt v1)', '', ''),
(249, 'Artemisia vulgaris (alergen recombinat pelin: nArt v3)', '', ''),
(250, 'Aspartataminotransferaza (GOT/ASAT/AST)', '', ''),
(251, 'Aspergillus fumigatus IgG (Gm3) – “plamanul fermierului”', '', ''),
(252, 'Aspergillus fumigatus-Anticorpi IgA, IgG, IgM', '', ''),
(253, 'Ataxia Freidreich (testare număr repetiții GAA)', '', ''),
(254, 'Ataxia Friedreich (secventiere completa gena FXN)', '', ''),
(255, 'Ataxia spinocerebeloasa tip 3 (repetiții CAG)', '', ''),
(256, 'Atrofia musculara spinala (SMN1-deletie exon 7)', '', ''),
(257, 'Atrofia musculara spinala (SMN1-secventiere)', '', ''),
(258, 'Babesia ADN (sânge)', '', ''),
(259, 'Bartonella henselae ADN', '', ''),
(260, 'Bartonella henselae-serologie', '', ''),
(261, 'Bartonella quintana – serologie', '', ''),
(262, 'Bazofil', '%', '<=2'),
(263, 'Benzi oligoclonale in lichid cefalorahidian', '', ''),
(264, 'Beta 2-microglobulina serică', '', ''),
(265, 'Beta amiloid 42 in lichid cefalo-rahidian', '', ''),
(266, 'Beta crosslaps (ß–CTx)', '', ''),
(267, 'Beta D-Glucan', '', ''),
(268, 'Beta-2 transferina în lichide biologice', '', ''),
(269, 'Beta-2-microglobulină în urină', '', ''),
(270, 'Beta-talasemie-testare genetica (HBB)', '', ''),
(271, 'Betula verrucosa (alg. recombinati mesteacan: rBet v6)', '', ''),
(272, 'Bicarbonat (ECO2)', '', ''),
(273, 'Bilirubina directa', '', ''),
(274, 'Bilirubina indirectă', '', ''),
(275, 'Bilirubina totala', 'mg/dL', 'Adulti: <1.2'),
(276, 'Biopsie prostatica (cu coloratii speciale dupa caz)', '', ''),
(277, 'Biopsii/ endoscopii (cu coloratii speciale dupa caz)', '', ''),
(278, 'Biotinidaza – activitate', '', ''),
(279, 'Boala Alzheimer familiala FAD1 (APP)', '', ''),
(280, 'Boala Alzheimer familiala FAD3 (PSEN1)', '', ''),
(281, 'Boala Alzheimer familiala FAD4 (PSEN2)', '', ''),
(282, 'Boala Charcot Marie Tooth (gena PMP22)', '', ''),
(283, 'Boala Charcot Marie Tooth (secventiere gena PMP22)', '', ''),
(284, 'Boala Gaucher – mutații GBA', '', ''),
(285, 'Boala Parkinson familiala tip 1/4 (SNCA)', '', ''),
(286, 'Boala Parkinson familiala tip 2 (PARK2)', '', ''),
(287, 'Boala Parkinson familiala tip 6 (PINK1)', '', ''),
(288, 'Boala Parkinson familiala tip 7 (DJ1)', '', ''),
(289, 'Boala Parkinson familiala tip 8 (LRRK2)', '', ''),
(290, 'Boala Parkinson familiala tip 9 (ATP13A2)', '', ''),
(291, 'Boala von Willebrand tip 1 și 3 – testare genetică', '', ''),
(292, 'Boala von Willebrand tip 2A-exon 28', '', ''),
(293, 'Boala von Willebrand tip 2A-exoni 11-16, 26, 51, 52', '', ''),
(294, 'Boala von Willebrand tip 2B, 2M-exon 28', '', ''),
(295, 'Boala von Willebrand tip 2N-exoni 17, 24-27', '', ''),
(296, 'Boala von Willebrand tip 2N-exoni 18-20', '', ''),
(297, 'Boala Wilson (ATP7B) – secventiere si CNV', '', ''),
(298, 'Boli prionice (Creutzfeldt-Jakob, Gerstmann)', '', ''),
(299, 'Bordetella pertussis – serologie (IgA, IgG)', '', ''),
(300, 'Borrelia burgdorferi ADN (in sange, LCR, lichid articular, biopsie cutanata)', '', ''),
(301, 'Borrelia burgdorferi ADN din capușă', '', ''),
(302, 'Borrelia burgdorferi ADN din LCR', '', ''),
(303, 'Borrelia burgdorferi-serologie', '', ''),
(304, 'Borrelia IgG, IgM in LCR/ser', '', ''),
(305, 'Borrelia-Anticorpi IgG, IgM (Blot)', '', ''),
(306, 'Brucella-serologie', '', ''),
(307, 'Bursttest (explozia oxidativă a neutrofilului)', '', ''),
(308, 'C1 inhibitor esteraza (activitate)', '', ''),
(309, 'c1 Penicilloyl G, IgE specific', '', ''),
(310, 'c2 Penicilloyl V, IgE specific', '', ''),
(311, 'c202 Suxamethoniu, IgE specific', '', ''),
(312, 'c6 Amoxicilloyl, IgE specific', '', ''),
(313, 'c70 Insulina porcina', '', ''),
(314, 'c71 Insulina bovina', '', ''),
(315, 'c73 Insulina umana, IgE specific', '', ''),
(316, 'CA 125 (Antigen tumoral)', '', ''),
(317, 'CA 15-3 (Antigen carbohidrat)', '', ''),
(318, 'CA 19-9 (Antigen carbohidrat)', '', ''),
(319, 'CA 50', '', ''),
(320, 'CA 72-4 (Ag tumoral)', '', ''),
(321, 'Cadmiu în sânge', '', ''),
(322, 'Cadmiu în urină', '', ''),
(323, 'Calcitonina', '', ''),
(324, 'Calciu ionic', '', ''),
(325, 'Calciu seric', '', ''),
(326, 'Calciu urinar', '', ''),
(327, 'Calprotectina în materii fecale', '', ''),
(328, 'Campylobacter-serologie', '', ''),
(329, 'Cancer colorectal non-polipozic ereditar tip 1(HNPCC)-mutatii MSH2', '', ''),
(330, 'Cancer colorectal non-polipozic ereditar tip 2 (HNPCC) – mutații MLH1', '', ''),
(331, 'Cancer colorectal non-polipozic ereditar tip 4 (HNPCC) – mutații PMS2', '', ''),
(332, 'Cancer colorectal non-polipozic ereditar tip 5 (HNPCC) – mutații MSH6', '', ''),
(333, 'Cancer de prostata-mutatii ELAC2, RNASEL, BRCA2, SRD5A2', '', ''),
(334, 'Cancer gastric ereditar difuz (HDGC)-mutatii CDH1', '', ''),
(335, 'Candida albicans IgG (Gm5) – “plamanul fermierului”', '', ''),
(336, 'Capacitatea antioxidantă totală', '', ''),
(337, 'Capacitatea totală de legare a fierului (CTLF)', '', ''),
(338, 'Carbamazepina', '', ''),
(339, 'Cariotip molecular (Hibridizarea genomică comparativă)', '', ''),
(340, 'Carne amestec fx73 (porc, vita, pui)', '', ''),
(341, 'Carnitina liberă în ser', '', ''),
(342, 'Carnitina liberă în urină', '', ''),
(343, 'Carnitina totală în ser', '', ''),
(344, 'Catecolamine urinare', '', ''),
(345, 'CDT (transferina deficitară în carbohidrat)', '', ''),
(346, 'CEA (Antigen carcinoembrionic)', '', ''),
(347, 'Celule lupice', '', ''),
(348, 'Celule NK CD57', '', ''),
(349, 'Ceruloplasmina', '', ''),
(350, 'Chitotriozidaza – activitate', '', ''),
(351, 'Chlamydia (Chlamydophila) pneumoniae ADN', '', ''),
(352, 'Chlamydia pneumoniae: Anticorpi IgG, IgA', '', ''),
(353, 'Chlamydia psittaci-Anticorpi IgA, IgG, IgM', '', ''),
(354, 'Chlamydia trachomatis ADN + N. gonorrhoeae ADN – endocervix', '', ''),
(355, 'Chlamydia trachomatis ADN + Neisseria gonorrhoeae ADN – urina (barbati)', '', ''),
(356, 'Chlamydia trachomatis-Anticorpi Ig A', '', ''),
(357, 'Chlamydia trachomatis-Anticorpi Ig G', '', ''),
(358, 'Ciclosporina A în sânge', '', ''),
(359, 'Ciprofloxacin, IgE specific', '', ''),
(360, 'Cistatina C', '', ''),
(361, 'Citochimie esteraze nespecifice', '', ''),
(362, 'Citochimie PAS', '', ''),
(363, 'Citochimie peroxidaze', '', ''),
(364, 'Citologie cervico-vaginală Babeș–Papanicolaou în mediu lichid', '', ''),
(365, 'Citomegalovirus – Anticorpi IgG', '', ''),
(366, 'Citomegalovirus – Anticorpi IgM', '', ''),
(367, 'Citomegalovirus (CMV) ADN in LCR', '', ''),
(368, 'Citomegalovirus (CMV) ADN in lichid amniotic', '', ''),
(369, 'Citomegalovirus (CMV) ADN in sange', '', ''),
(370, 'Citomegalovirus (CMV) ADN in urina', '', ''),
(371, 'Citomegalovirus IgG in LCR/ser', '', ''),
(372, 'Citomegalovirus-Aviditate anticorpi IgG', '', ''),
(373, 'Citrat urinar', '', ''),
(374, 'Cladosporium herbarum IgG (Gm2) – “plamanul fermierului”', '', ''),
(375, 'Clindamicina, IgE specific', '', ''),
(376, 'Clobazam', '', ''),
(377, 'Clonazepam', '', ''),
(378, 'Clor in lichid cefalo-rahidian (LCR)', '', ''),
(379, 'Clor lichid punctie', '', ''),
(380, 'Clor seric', '', ''),
(381, 'Clor urinar', '', ''),
(382, 'Clostridium difficile-toxine A/B', '', ''),
(383, 'Cobalt în urină', '', ''),
(384, 'Coeficientul de saturație a transferinei', '', ''),
(385, 'Coenzima Q10 (Ubiquinona)', '', ''),
(386, 'Cofactorul pentru ristocetină', '', ''),
(387, 'Colesterol HDL', 'mg/dL', '- scazut : ≤ 40 \r\n- factor protector: >= 60'),
(388, 'Colesterol LDL', 'mg/dL', '-optim: <100\r\n-optim la limita: 100-129\r\n-borderline crescut: 130-159\r\n-crescut: 160-189\r\n-foarte crescut: >=190'),
(389, 'Colesterol lichid punctie', '', ''),
(390, 'Colesterol total', 'mg/dL', '- optim: 240\r\n-borderline crescut: 200-240\r\n-crescut: >240'),
(391, 'Colinesteraza', '', ''),
(392, 'COMP (Cartilage Oligomeric Matrix Protein)', '', ''),
(393, 'Complement C1q', '', ''),
(394, 'Complement C3c', '', ''),
(395, 'Complement C4', '', ''),
(396, 'Complement hemolitic total (CH100)', '', ''),
(397, 'Complexe imune circulante (CIC)', '', ''),
(398, 'Component alergenic MUXF3 CCD, bromelain, IgE specific', '', ''),
(399, 'Concentrat leucocitar', '', ''),
(400, 'Concentratie medie a Hb/eritrocit', 'g/dL', '31 - 36'),
(401, 'Consult extern preparate histopatologice permanent colorate', '', ''),
(402, 'Consultație genetică', '', ''),
(403, 'Copeptina – CT-Pro-AVP (Provasopresina)', '', ''),
(404, 'Coprocitogramă', '', ''),
(405, 'Coprocultură (cu antibiogramă după caz)', '', ''),
(406, 'Coprocultură extinsă', '', ''),
(407, 'Coreea Huntington – testare genetică', '', ''),
(408, 'Corpi cetonici în sânge (beta-hidroxibutirat)', '', ''),
(409, 'Cortizol liber urinar', '', ''),
(410, 'Cortizol salivar', '', ''),
(411, 'Cortizol seric', '', ''),
(412, 'Cotrimoxazol, IgE specific', '', ''),
(413, 'Coxiella burnetii-serologie', '', ''),
(414, 'Creatinina lichid punctie', '', ''),
(415, 'Creatinina urinara (24 ore)', '', ''),
(416, 'Creatinină serică', '', ''),
(417, 'Creatinkinaza (CK)', '', ''),
(418, 'Creatinkinaza MB', '', ''),
(419, 'Creatinkinaza-izoenzime', '', ''),
(420, 'Crom in urina', '', ''),
(421, 'Crom în sânge', '', ''),
(422, 'Cromogranina A', '', ''),
(423, 'Cultura secretie vulvara', '', ''),
(424, 'Cultură alte produse biologice (cu antibiogramă după caz)', '', ''),
(425, 'Cultură dermatofiți', '', ''),
(426, 'Cultură exsudat faringian (cu antibiogramă după caz)', '', ''),
(427, 'Cultură fungi din raclat lingual (cu antifungigramă după caz)', '', ''),
(428, 'Cultură germeni anaerobi', '', ''),
(429, 'Cultură lichid puncție (cu antibiogramă după caz)', '', ''),
(430, 'Cultură produs provenit din colecție purulentă (cu antibiogramă după caz)', '', ''),
(431, 'Cultură sant balano-prepuțial (cu antibiogramă după caz)', '', ''),
(432, 'Cultură secreție auriculară (cu antibiogramă după caz)', '', ''),
(433, 'Cultură secreție col uterin (cu antibiogramă după caz)', '', ''),
(434, 'Cultură secreție genitală pentru Streptococ grup B cu antibiogramă', '', ''),
(435, 'Cultură secreție nazală (cu antibiogramă după caz)', '', ''),
(436, 'Cultură secreție oculară (cu antibiogramă după caz)', '', ''),
(437, 'Cultură secreție uretrală (cu antibiogramă după caz)', '', ''),
(438, 'Cultură secreții vaginale (cu antibiogramă după caz)', '', ''),
(439, 'Cultură spută (cu antibiogramă după caz)', '', ''),
(440, 'Cultură și identificare fungi (cu antifungigramă după caz)', '', ''),
(441, 'Cupru în plasmă', '', ''),
(442, 'Cupru în urină', '', ''),
(443, 'Cyfra 21-1 (Cytokeratin 19 fragment)', '', ''),
(444, 'Cynodon dactylon (alergen nativ nCyn d 1)', '', ''),
(445, 'd1 Dermatophagoides pteronyssinus, IgE specific', '', ''),
(446, 'd2 Dermatophagoides farinae, IgE specific', '', ''),
(447, 'd201 Blomia tropicalis, IgE specific', '', ''),
(448, 'd3 Dermatophagoides microceras, IgE specific', '', ''),
(449, 'd70 Acarus siro (musca de făină), IgE specific', '', ''),
(450, 'd71 Lepidoglyphus destructor, IgE specific', '', ''),
(451, 'd72 Tyrophagus putrescentiae, IgE specific', '', ''),
(452, 'd73 Glycyphagus domesticus, IgE specific', '', ''),
(453, 'd74 Euroglyphus maynei, IgE specific', '', ''),
(454, 'D-dimeri', '', ''),
(455, 'Deficienta DPD (DPYD IVS14+1 G>A)-toxicitate 5-FU', '', ''),
(456, 'Deficit de GLUT-1 (SLC2A1)', '', ''),
(457, 'Deficit de metilmalonil CoA mutaza – secventiere MMAA', '', ''),
(458, 'Deficit de metilmalonil CoA mutaza – testare genetica', '', ''),
(459, 'Dehidroepiandrosteron-sulfat (DHEA-S)', '', ''),
(460, 'Deletii cromozom 1 si 11 (deletie 11q si 1p)', '', ''),
(461, 'Delta-beta talasemie-testare genetica (inclusiv HPFH)', '', ''),
(462, 'Depistare droguri în urină (screening) – amfetamine, barbiturice, benzodiazepine, cocaină, metadonă, opiacee, fenciclidină (PCP), cannabis (THC)', '', ''),
(463, 'Dermatophagoides farinae IgG4', '', ''),
(464, 'Dermatophagoides pteronyssinus (alergen recombinant d202 nDer p1) , IgE specific', '', ''),
(465, 'Dermatophagoides pteronyssinus (alergen recombinat d203 rDer p2), IgE specific', '', ''),
(466, 'Dermatophagoides pteronyssinus (alergen recombinat d205 rDer p10 tropomiozina), IgE specific', '', ''),
(467, 'Dermatophagoides pteronyssinus (alergen recombinat rDer p23), IgE specific', '', ''),
(468, 'Dermatophagoides pteronyssinus IgG4', '', ''),
(469, 'Des-carboxi-protrombina (DCP, PIVKA II)', '', ''),
(470, 'Detectie mutatie i.P450 gena CYP1A1', '', ''),
(471, 'Detectie mutatii in gena NAT2', '', ''),
(472, 'Detectie mutatii in gena PON1-Gen (Paraoxonase 1-Gen)', '', ''),
(473, 'Detectie virus influenza A si B-antigen', '', ''),
(474, 'Detecție enterovirusuri din materii fecale', '', ''),
(475, 'Determinare crioglobuline', '', ''),
(476, 'Determinarea factorului Rh', '', ''),
(477, 'Diabet MODY 1 (HNF4A)', '', ''),
(478, 'Diabet MODY 2 (GCK)', '', ''),
(479, 'Diabet MODY 3 (HNF1A)', '', ''),
(480, 'Diabet MODY 4 (IPF1)', '', ''),
(481, 'Diabet MODY 5 (HNF1B)', '', ''),
(482, 'Diabet MODY 6 (NEUROD1)', '', ''),
(483, 'Diagnostic histopatologic din bloc inclus la parafină/consult extern (>= 10 blocuri)', '', ''),
(484, 'Diagnostic histopatologic din bloc inclus la parafină/consult extern (1-2 blocuri)', '', ''),
(485, 'Diagnostic histopatologic din bloc inclus la parafină/consult extern (3-5 blocuri)', '', ''),
(486, 'Diagnostic histopatologic din bloc inclus la parafină/consult extern (6-9 blocuri)', '', ''),
(487, 'Diagnostic imunohistochimie (IHC)', '', ''),
(488, 'Diagnostic serologic enterovirusuri', '', ''),
(489, 'Diclofenac, IgE specific', '', ''),
(490, 'Digoxin', '', ''),
(491, 'Dihidrotestosteron', '', ''),
(492, 'Distonie de torsiune primară DYT1 (secvențiere completă TOR1A)', '', ''),
(493, 'Distonie de torsiune primară DYT1 (TOR1A c.907_909 del GAG)', '', ''),
(494, 'Distrofia miotonică tip 1 (Steinert) – testare genetică (DMPK)', '', ''),
(495, 'Distrofia musculară Duchenne/Becker (deleții/duplicații MLPA)', '', ''),
(496, 'Distrofia neuroaxonala infantila (mutatii PLA2G6)', '', ''),
(497, 'Distrofie musculara Limb-Girdl tip 2A(CAPN3)', '', ''),
(498, 'Distrofie musculara oculofaringiana – testare genetica', '', ''),
(499, 'Distrofie musculară a centurilor LGMD2A (gena CAPN3)', '', ''),
(500, 'Dublu test (parametrii biochimici – Delfia Xpress)', '', ''),
(501, 'Dublu test (parametrii biochimici – Kryptor)', '', ''),
(502, 'Dublu test (screening prenatal trim. I)', '', ''),
(503, 'E. coli (EHEC)-verotoxina 1/2', '', ''),
(504, 'e1 Par pisica, IgE Specific', '', ''),
(505, 'e196 Pene de papagal (perroquet), IgE specific', '', ''),
(506, 'e197 Dejectii de papagal (perroquet), IgE specific', '', ''),
(507, 'e199 Ser de canar, IgE specific', '', ''),
(508, 'e200 Dejectii de canar, IgE specific', '', ''),
(509, 'e201 Pene de canar, IgE specific', '', ''),
(510, 'e203 Epitelii de nurca, IgE specific', '', ''),
(511, 'e204 Albumina serica bovina, IgE specific', '', ''),
(512, 'e205 Ser de cal, IgE specific', '', ''),
(513, 'e206 Proteine serice de iepure, IgE specific', '', ''),
(514, 'e208 Epitelii de chinchilla, IgE specific', '', ''),
(515, 'e209 Epitelii de șoarece de deșert, IgE specific', '', ''),
(516, 'e210 Epitelii de vulpe, IgE specific', '', ''),
(517, 'e211 Proteine urinare de iepure, IgE specific', '', ''),
(518, 'e213 Pene de papagal, IgE specific', '', ''),
(519, 'e214 Pene de cinteza, IgE specific', '', ''),
(520, 'e215 Pene de porumbel, IgE specific', '', ''),
(521, 'e217 Epitelii de nevăstuică, IgE specific', '', ''),
(522, 'e219 Proteine serice de pui, IgE specific', '', ''),
(523, 'e220 Albumina serica de pisica, IgE specific', '', ''),
(524, 'e221 Albumina serica de caine, IgE specific', '', ''),
(525, 'e222 Albumina serică de porc, IgE specific', '', ''),
(526, 'e3 Păr de cal, IgE specific', '', ''),
(527, 'e4 Par de vaca, IgE specific', '', ''),
(528, 'e5 Par caine, IgE specific', '', ''),
(529, 'e6 Epitelii cobai, IgE specific', '', ''),
(530, 'e70 Pene de gasca, IgE specific', '', ''),
(531, 'e72 Proteine urinare de soarece, IgE specific', '', ''),
(532, 'e74 Proteine urinare de sobolan, IgE specific', '', ''),
(533, 'e78 Pene de papagal de Australia, IgE specific', '', ''),
(534, 'e80 Epitelii de capra, IgE specific', '', ''),
(535, 'e81 Epitelii de oaie, IgE specific', '', ''),
(536, 'e82 Epitelii de iepure, IgE specific', '', ''),
(537, 'e83 Epitelii de porc, IgE specific', '', ''),
(538, 'e84 Epitelii de hamster, IgE specific', '', ''),
(539, 'e85 Pene de pui, IgE specific', '', ''),
(540, 'e86 Pene de rata, IgE specific', '', ''),
(541, 'e89 Pene de curcan, IgE specific', '', ''),
(542, 'Echinococcus granulosus: Anticorpi IgG', '', ''),
(543, 'Echinococcus-serologie (confirmare)', '', ''),
(544, 'ECP (proteina cationică a eozinofilelor)', '', ''),
(545, 'Elastaza pancreatica in materii fecale', '', ''),
(546, 'Elastaza pancreatică în ser', '', ''),
(547, 'Electroforeza hemoglobinei', '', ''),
(548, 'Electroforeza lipoproteinelor', '', ''),
(549, 'Electroforeza proteine urinare cu imunofixare', '', ''),
(550, 'Electroforeza proteinelor serice', '', ''),
(551, 'Electroforeza proteinelor serice cu imunofixare', '', ''),
(552, 'Enterovirus IgA, IgG', '', ''),
(553, 'Enterovirusuri ARN', '', ''),
(554, 'Eozinofil', '%', '<=7'),
(555, 'Epitelii de caine IgG4', '', ''),
(556, 'Epitelii de pisica IgG4', '', ''),
(557, 'Epstein-Barr-Virus (EBV) ADN in LCR', '', ''),
(558, 'Eritropoietina', '', ''),
(559, 'Estradiol', '', ''),
(560, 'Estriol neconjugat', '', ''),
(561, 'Estrona (E1)', '', ''),
(562, 'Ethosuximid', '', ''),
(563, 'Everolimus în sânge', '', ''),
(564, 'Examen citologic', '', ''),
(565, 'Examen coproparazitologic', '', ''),
(566, 'Examen coproparazitologic prin centrifugare', '', ''),
(567, 'Examen microbiologic secreție vaginală', '', ''),
(568, 'Examen microscopic Cryptosporidium spp', '', ''),
(569, 'Examen microscopic direct micologic', '', ''),
(570, 'Examen microscopic pe frotiu lichid puncție', '', ''),
(571, 'Examen microscopic spută', '', ''),
(572, 'Examen parazitologic cutanat', '', ''),
(573, 'f 45 Drojdie, IgE specific', '', ''),
(574, 'f1 Albus de ou, IgE specific', '', ''),
(575, 'f10 Seminte de susan, IgE specific', '', ''),
(576, 'f11 Hrisca, IgE specific', '', ''),
(577, 'f12 Mazare, IgE specific', '', ''),
(578, 'f124 Grau spelta, IgE specific', '', ''),
(579, 'f13 Arahide, IgE specific', '', ''),
(580, 'f14 Soia, IgE specific', '', ''),
(581, 'f15 Fasole alba, IgE specific', '', ''),
(582, 'f17 Alune, IgE specific', '', ''),
(583, 'f18 Nuca braziliana, IgE specific', '', ''),
(584, 'f2 Lapte de vaca, IgE specific', '', ''),
(585, 'f20 Migdala, IgE specific', '', ''),
(586, 'f201 Nuca de pecan, IgE specific', '', ''),
(587, 'f202 Anacard (caju), IgE specific', '', ''),
(588, 'f203 Fistic, IgE specific', '', ''),
(589, 'f204 Pastrav, IgE specific', '', ''),
(590, 'f205 Hering, IgE specific', '', ''),
(591, 'f206 Macrou, IgE specific', '', ''),
(592, 'f208 Lamaie, IgE specific', '', ''),
(593, 'f209 Grapefruit, IgE specific', '', ''),
(594, 'f210 Ananas, IgE specific', '', ''),
(595, 'f211 Mure, IgE specific', '', ''),
(596, 'f212 Ciuperci, IgE specific', '', ''),
(597, 'f213 Carne de iepure, IgE specific', '', ''),
(598, 'f214 Spanac, IgE specific', '', ''),
(599, 'f215 Salata verde, IgE specific', '', ''),
(600, 'f216 Varza, IgE specific', '', ''),
(601, 'f217 Varza de Bruxelles, IgE specific', '', ''),
(602, 'f218 Paprika, IgE specific', '', ''),
(603, 'f220 Scortisoara, IgE specific', '', ''),
(604, 'f221 Cafea, IgE specific', '', ''),
(605, 'f222 Ceai, IgE specific', '', ''),
(606, 'f225 Dovleac, IgE specific', '', ''),
(607, 'f23 Crab, IgE specific', '', ''),
(608, 'f231 Lapte pasteurizat, IgE specific', '', ''),
(609, 'f232 Ovalbumina, IgE specific', '', ''),
(610, 'f233 Ovomucoid, IgE specific', '', ''),
(611, 'f234 Vanilie, IgE specific', '', ''),
(612, 'f235 Linte, IgE specific', '', ''),
(613, 'f236 Zer, IgE specific', '', ''),
(614, 'f237 Caisa, IgE specific', '', ''),
(615, 'f24 Crevete, IgE specific', '', ''),
(616, 'f242 Cirese, IgE specific', '', ''),
(617, 'f244 Castravete, IgE specific', '', ''),
(618, 'f245 Ou (albus, galbenus), IgE specific', '', ''),
(619, 'f247 Miere, IgE specific', '', ''),
(620, 'f25 Rosie, IgE specific', '', ''),
(621, 'f253 Muguri de pin, IgE specific', '', ''),
(622, 'f254 Cambula, IgE specific', '', ''),
(623, 'f255 Pruna, IgE specific', '', ''),
(624, 'f259 Struguri, IgE specific', '', ''),
(625, 'f26 Carne de porc, IgE specific', '', ''),
(626, 'f260 Broccoli, IgE specific', '', ''),
(627, 'f261 Sparanghel, IgE specific', '', ''),
(628, 'f262 Vanatam, IgE specific', '', ''),
(629, 'f263 Piper verde, IgE specific', '', ''),
(630, 'f264 Anghila, IgE specific', '', ''),
(631, 'f265 Chimen, IgE specific', '', ''),
(632, 'f267 Cardamon, IgE specific', '', ''),
(633, 'f268 Cuisoare, IgE specific', '', ''),
(634, 'f269 Busuioc, IgE specific', '', ''),
(635, 'f27 Carne de vita, IgE specific', '', ''),
(636, 'f270 Ghimbir, IgE specific', '', ''),
(637, 'f271 Anason, IgE specific', '', ''),
(638, 'f272 Tarhon, IgE specific', '', ''),
(639, 'Factor de necroză tumorală TNF-alfa', '', ''),
(640, 'Factor IX-inhibitori', '', ''),
(641, 'Factor reumatoid', 'UI/mL', '<14'),
(642, 'Factor reumatoid IgA, IgM', '', ''),
(643, 'Factor reumatoid-Waaler Rose', '', ''),
(644, 'Factor VIII al coagulării', '', ''),
(645, 'Factor VIII-inhibitori', '', ''),
(646, 'Factor von Willebrand-Antigen + Activitate', '', ''),
(647, 'Factor V-polimorfism genetic HR2 (c.3980A>G)', '', ''),
(648, 'Factor X al coagulării', '', ''),
(649, 'Factor XIII al coagulării', '', ''),
(650, 'Factorul de creștere placentar (PlGF)', '', ''),
(651, 'Factorul II (protrombină)', '', ''),
(652, 'Factorul IX al coagularii', '', ''),
(653, 'Factorul V al coagulării', '', ''),
(654, 'Fagotest (activitate fagocitară neutrofile)', '', ''),
(655, 'Fasciola hepatica – serologie', '', ''),
(656, 'Fenilalanină', '', ''),
(657, 'Fenitoin', '', ''),
(658, 'Fenobarbital', '', ''),
(659, 'Fenol în urină', '', ''),
(660, 'Feritina', '', ''),
(661, 'Fibrinogen', '', ''),
(662, 'Fibromax', '', ''),
(663, 'FibroTest-ActiTest', '', ''),
(664, 'Fibroza chistica – testare MLPA', '', ''),
(665, 'Fibroza chistică – 38 mutații CFTR', '', ''),
(666, 'Filarioză – diagnostic serologic', '', ''),
(667, 'Flecainida', '', ''),
(668, 'Folați serici', '', ''),
(669, 'Fosfataza acida de origine prostatica', '', ''),
(670, 'Fosfataza acida totala', '', ''),
(671, 'Fosfataza alcalina', '', ''),
(672, 'Fosfataza alcalină de origine osoasă (ostaza)', '', ''),
(673, 'Fosfataza alcalină-izoenzime', '', ''),
(674, 'Fosfatază alcalină leucocitară (indice FAL)', '', ''),
(675, 'Fosfor seric', '', ''),
(676, 'Fosfor urinar', '', ''),
(677, 'Free Beta-HCG', '', ''),
(678, 'Free PSA', '', ''),
(679, 'Frotiu de sânge periferic', '', ''),
(680, 'Fructozamina', '', ''),
(681, 'FSH (hormon de stimulare foliculară)', '', ''),
(682, 'FT3 (Triiodotironina liberă)', '', ''),
(683, 'FT4 ( Tiroxina libera )', 'pmol/L', ''),
(684, 'FT4 (Tiroxina liberă)', '', ''),
(685, 'Fungi amestec IgE (mx1)', '', ''),
(686, 'fx2 (Cod, crevete, midie albastra, ton, somon)', '', ''),
(687, 'fx22 (Nuca de pecan, caju, fistic, nuca)', '', ''),
(688, 'Gabapentin', '', ''),
(689, 'Gadolinium in ser', '', ''),
(690, 'Gadolinium in urina', '', ''),
(691, 'Galactozemie – mutații GALT', '', ''),
(692, 'Gama – glutamiltransferază (Glutamiltranspeptidază)', '', ''),
(693, 'Gastrina', '', ''),
(694, 'Gena ALK – rearanjări în tumori pulmonare', '', ''),
(695, 'Gena calreticulinei (CALR) – mutații exon 9', '', ''),
(696, 'Gena CCR5-mutația delta 32', '', ''),
(697, 'Gena CDKL5 (testare MLPA)', '', ''),
(698, 'Genotipare CYP2C19', '', ''),
(699, 'Genotipare CYP2D6 (tratament cu tamoxifen)', '', ''),
(700, 'Genotipare KIR', '', ''),
(701, 'Gentamicină – nivel seric', '', ''),
(702, 'Gliadin (a,ß,g-Gliadin)', '', ''),
(703, 'Glucagon', '', ''),
(704, 'Glucoza in lichid cefalorahian (LCR)', '', ''),
(705, 'Glucoza lichid punctie', '', ''),
(706, 'Glucoza serica', 'mg/dL', 'Interpretare valori'),
(707, 'Glucoza urinara', '', ''),
(708, 'Glucoză serică (glicemie)', '', ''),
(709, 'Glucozo-6-fosfat-dehidrogenaza (G6-PDH)', '', ''),
(710, 'Glutation intracelular redus (GSH)', '', ''),
(711, 'Glutation peroxidaza (GPx)', '', ''),
(712, 'Grup sanguin OAB', '', ''),
(713, 'Haloperidol', '', ''),
(714, 'Hantavirusuri-serologie', '', ''),
(715, 'Haptoglobina', '', ''),
(716, 'HCG total-(HCG+beta)', '', ''),
(717, 'HE4 (Proteina epididimală umană 4)', '', ''),
(718, 'Helicobacter pylori Anticorpi IgG', '', ''),
(719, 'Hematocrit', '%', '35 - 47'),
(720, 'Hemocromatoza ereditara – secventiere completa', '', ''),
(721, 'Hemocultură anaerobă (cu antibiogramă după caz)', '', ''),
(722, 'Hemofilia A – analiza inversii IVS1 si IVS2', '', ''),
(723, 'Hemofilia A-panel extins', '', ''),
(724, 'Hemofilia B-testare genetica', '', ''),
(725, 'Hemoglobina {Hb}', 'g/dL', '11.7 - 16'),
(726, 'Hemoglobina eritrocitara medie {HEM}', 'pg/cell', '27-34'),
(727, 'Hemoglobina glicata (Hb A1c )', '', ''),
(728, 'Hemoglobinopatie Lepore-testare genetica', '', ''),
(729, 'Hemogramă cu formulă leucocitară cu Hb, Ht și indic', '', ''),
(730, 'Hemoragii oculte in fecale', '', ''),
(731, 'Hemosiderina medulară', '', ''),
(732, 'Hemosiderina urinară', '', ''),
(733, 'HER-2/neu (oncoproteina)', '', ''),
(734, 'hGH (hormon de creștere uman)', '', ''),
(735, 'Hidroximetilbilan sintaza', '', ''),
(736, 'Hidroxiprolina urinară totală', '', ''),
(737, 'Hipocretin (orexina)', '', ''),
(738, 'Histamina în sânge', '', ''),
(739, 'Histoplasma-serologie', '', ''),
(740, 'HIV – Hipersensibilitate la Abacavir (HLAB57:01)', '', ''),
(741, 'HIV-1 ARN (cantitativ)', '', ''),
(742, 'HIV-1 genotipare (rezistentă la antiretrovirale)', '', ''),
(743, 'HLA-B27', '', ''),
(744, 'Holotranscobalamina (vitamina B12 activa)', '', ''),
(745, 'Homocisteina', '', ''),
(746, 'Hormon anti-Mullerian (AMH)', '', ''),
(747, 'HPV (Papiloma Virus Uman) ADN-genotipare', '', ''),
(748, 'HPV (Papiloma Virus Uman) E6/E7 ARNm', '', ''),
(749, 'HPV genotipare în salivă', '', ''),
(750, 'HPV genotipare-uretră', '', ''),
(751, 'HTLV – ADN proviral', '', ''),
(752, 'Ibuprofen, IgE specific', '', ''),
(753, 'Identificarea germenilor asociati parodontitei', '', ''),
(754, 'IGF-binding protein 3', '', ''),
(755, 'Imatinib', '', ''),
(756, 'Imunofenotipare limfocitară – profil de bază', '', ''),
(757, 'Imunofenotipare limfocitară-infecții cronice', '', ''),
(758, 'Imunofixare IgD/IgE în ser', '', ''),
(759, 'Imunoglobulina IgA', '', ''),
(760, 'Indice HOMA', '', ''),
(761, 'Infliximab', '', ''),
(762, 'Inhibina A', '', ''),
(763, 'Inhibina B', '', ''),
(764, 'Inhibitor C1 esteraza (dozare proteina)', '', ''),
(765, 'Insulina', '', ''),
(766, 'Interferon gamma', '', ''),
(767, 'Intoleranta ereditara la fructoza', '', ''),
(768, 'Intoleranta la lactoza (test genetic)', '', ''),
(769, 'Iod seric', '', ''),
(770, 'Iod urinar', '', ''),
(771, 'JAK2 – mutații exon 12&14 (V617F)', '', ''),
(772, 'Lactat dehidrogenaza (LDH)', '', ''),
(773, 'Lactat dehidrogeneza (LDH) – izoenzime', '', ''),
(774, 'Lactat în lichidul cefalo-rahidian', '', ''),
(775, 'Lactat în plasmă', '', ''),
(776, 'Lactoferin în materii fecale', '', ''),
(777, 'Lamotrigin', '', ''),
(778, 'Lanțuri ușoare libere tip kappa în ser', '', ''),
(779, 'Lanțuri ușoare libere tip lambda în ser', '', ''),
(780, 'Lanțuri ușoare tip kappa în urină', '', ''),
(781, 'Largimea distributiei trombocitare', 'fL', '8-16.5'),
(782, 'LDH lichid punctie', '', ''),
(783, 'Leflunomid', '', ''),
(784, 'Legionella pneumophila – serologie', '', ''),
(785, 'Leishmania – serologie', '', ''),
(786, 'Leptina', '', ''),
(787, 'Leptospire – serologie', '', ''),
(788, 'Leucodistrofie metacromatica – gena ARSA', '', ''),
(789, 'Levetiracetam', '', ''),
(790, 'LH (hormon luteinizant)', '', ''),
(791, 'Limfocit', '%', '20-55'),
(792, 'Lipaza', '', ''),
(793, 'Lipide totale', 'mg/dL', '400-700'),
(794, 'Lipoproteina (a)', '', ''),
(795, 'Lipoproteina asociată fosfolipazei A2', '', ''),
(796, 'Listeria monocytogenes-serologie', '', ''),
(797, 'Litiu', '', ''),
(798, 'LTT – virusul SARS-COV-2', '', ''),
(799, 'Macroamilaza', '', ''),
(800, 'Macro-AST', '', ''),
(801, 'Magneziu intracelular', '', ''),
(802, 'Magneziu seric', '', ''),
(803, 'Magneziu urinar', '', ''),
(804, 'Malondialdehida', '', ''),
(805, 'Mangan în sânge', '', ''),
(806, 'Mangan în urină', '', ''),
(807, 'Mannose-binding-lectin (MBL) în ser', '', ''),
(808, 'Markeri preeclampsie', '', ''),
(809, 'Mastocitoză sistemică – mutația c-kit D816V', '', ''),
(810, 'Medulograma', '', ''),
(811, 'Melatonina', '', ''),
(812, 'Mercur în sânge', '', ''),
(813, 'Mercur în urină', '', ''),
(814, 'Metamizol, IgE specific', '', ''),
(815, 'Metanefrine libere plasmatice', '', ''),
(816, 'Metanefrine urinare fracționate', '', ''),
(817, 'Methotrexat', '', ''),
(818, 'Mioglobina in urina', '', ''),
(819, 'Mioglobina în ser', '', ''),
(820, 'Monocit', '%', '<=15'),
(821, 'Mucopolizaharide urinare', '', ''),
(822, 'Mutatia protrombinica (factor II)', '', ''),
(823, 'Mutația BRAF V600E în tumori', '', ''),
(824, 'Mutația factorului XIII (G102T)-risc trombofile', '', ''),
(825, 'Mutații K-ras în tumori de colon', '', ''),
(826, 'Mutații NOTCH3 (exonii 2,3,4,5,6 si 11)', '', ''),
(827, 'N-acetyl-Beta-D-glucozaminidaza', '', ''),
(828, 'Neisseria gonorrhoeae ADN (cervix/uretră)', '', ''),
(829, 'Neisseria gonorrhoeae ADN în urină', '', ''),
(830, 'Neoplazie endocrina multipla tip 1-mutatii MEN1', '', ''),
(831, 'Neopterin', '', ''),
(832, 'Neurofilamente – lanțuri ușoare', '', ''),
(833, 'Neurotransmițători în LCR', '', ''),
(834, 'Neutrofil', '%', '45-80'),
(835, 'Nichel în sânge', '', ''),
(836, 'Nichel în urină', '', ''),
(837, 'Nitrazepam', '', ''),
(838, 'Nitro-tirozina (NT)', '', ''),
(839, 'NSE (Enolaza Neuron Specifică)', '', ''),
(840, 'N-telopeptidul urinar (NTX)', '', ''),
(841, 'NT-proBNP', '', ''),
(842, 'Nucă – alegen recombinant rJug r1', '', ''),
(843, 'Numar eritrocite', 'mil./µL', '3.8-5.3'),
(844, 'Numar leucocite', 'mii/µL', '4 - 10'),
(845, 'Numar trombocite', 'mii/µL', '150 - 450'),
(846, 'o1 Fibre de bumbac (neprelucrate), IgE specific', '', ''),
(847, 'o203 Tetramin (hrana pt. pesti), IgE specific', '', ''),
(848, 'o207 Daphnia (hrana pt. pesti), IgE specific', '', ''),
(849, 'o70 Lichid seminal, IgE specific', '', ''),
(850, 'Ofloxacin, IgE specific', '', ''),
(851, 'Olanzapin', '', ''),
(852, 'Orez IgG', '', ''),
(853, 'Osmolalitate serică', '', ''),
(854, 'Osmolalitate urinară', '', ''),
(855, 'Osteocalcin', '', ''),
(856, 'Osteocalcina subcarboxilata (ucOC)', '', ''),
(857, 'Oxalat urinar', '', ''),
(858, 'Oxcarbamazepin', '', ''),
(859, 'Pancreatita ereditara (PRSS1)', '', ''),
(860, 'Panel alergeni alimentari – fructe (5 teste)', '', ''),
(861, 'Panel alergeni alimentari – legume (5 teste)', '', ''),
(862, 'Paracetamol in ser', '', ''),
(863, 'Paracetamol, IgE specific', '', ''),
(864, 'Paraplegie spastica tip 2 (gena PLP1)', '', ''),
(865, 'Parvovirus B19 IgG Blot si Aviditate', '', ''),
(866, 'Patrunjel, IgE specific', '', ''),
(867, 'Peptid intestinal vasoactiv (VIP)', '', ''),
(868, 'Peptidul C', '', ''),
(869, 'Piruvat în lichidul cefalo-rahidian', '', ''),
(870, 'Pleurotus, IgE specific', '', ''),
(871, 'Plumb în sânge', '', ''),
(872, 'Plumb în urină', '', ''),
(873, 'Polipoza adenomatoasă familială-mutații APC', '', ''),
(874, 'Polyomavirus BK ADN (urina, sange)', '', ''),
(875, 'Polyomavirus JC ADN', '', ''),
(876, 'Porfirine urinare (uro- și coproporfirine)', '', ''),
(877, 'Porfobilinogen în urină', '', ''),
(878, 'Potasiu seric', '', ''),
(879, 'Potasiu urinar', '', ''),
(880, 'Predispoziție genetică boala Behcet (HLA-B51)', '', ''),
(881, 'Predispoziție psoriazis – HLA C6/C7/B57', '', ''),
(882, 'Primidona', '', ''),
(883, 'Probă de digestie', '', ''),
(884, 'Procalcitonina', '', ''),
(885, 'Procalcitonina (cantitativ)', '', ''),
(886, 'Profil acil-carnitină', '', ''),
(887, 'Profil boli inflamatorii substanta cenusie I', '', ''),
(888, 'Profil boli inflamatorii substanta cenusie II', '', ''),
(889, 'Profil de baza trombofilie', '', ''),
(890, 'Profil encefalita autoimuna I', '', ''),
(891, 'Profil fenomene psihice', '', ''),
(892, 'Profil general boli inflamatorii SNC', '', ''),
(893, 'Profil genetic cardiomiopatie restrictiva', '', ''),
(894, 'Profil genetic de evaluare risc cancer cerebral', '', ''),
(895, 'Profil genetic de evaluare risc cancer prostata', '', ''),
(896, 'Profil genetic de infertilitate masculină', '', ''),
(897, 'Profil genetic pentru afectiuni aortice', '', ''),
(898, 'Profil genetic pentru aritmii si cardiomiopatii', '', ''),
(899, 'Profil genetic pentru cardiomiopatie dilatativa', '', ''),
(900, 'Profil genetic pentru sindrom QT lung', '', ''),
(901, 'Profil genetic Ras-opatii cu defecte cardiace', '', ''),
(902, 'Profil genetic sindrom QT scurt', '', ''),
(903, 'Profil lipidic', '', ''),
(904, 'Profil miastenie (reflex)', '', ''),
(905, 'Profil neuroblastom', '', ''),
(906, 'Profil scleroza multipla', '', ''),
(907, 'Profil trombofilie ereditara teste genetice', '', ''),
(908, 'Profil trombofilie pediatric', '', ''),
(909, 'Profil vasculite cerebrale', '', ''),
(910, 'Progesteron', '', ''),
(911, 'ProGRP', '', ''),
(912, 'Proinsulina intacta', '', ''),
(913, 'Prolactina', '', ''),
(914, 'Proteina 14-3-3 in lichid cefalo-rahidian', '', ''),
(915, 'Proteina C', '', ''),
(916, 'Proteina C reactivă (CRP)', 'mg/dL', '<0.5'),
(917, 'Proteina C reactivă (hsCRP) înalt sensibilă', '', ''),
(918, 'Proteina S (activitate)', '', ''),
(919, 'Proteina S liberă (antigen)', '', ''),
(920, 'Proteina tau/fosfo-tau in lichid cefalo-rahidian', '', ''),
(921, 'Proteine in lichid cefalorahidian (LCR)', '', ''),
(922, 'Proteine lichid punctie', '', ''),
(923, 'Proteine totale serice', 'g/dL', '6.40-8.30'),
(924, 'Proteine urinare', '', ''),
(925, 'Protoporfirina libera eritrocitara', '', ''),
(926, 'PSA (Antigen specific prostatic)', '', ''),
(927, 'PTH (Parathormon intact)', '', ''),
(928, 'PTH-rP (parathormon-related-protein)', '', ''),
(929, 'Purine și pirimidine urinare', '', ''),
(930, 'QuantiFERON TBC test', '', ''),
(931, 'Raport CD4/CD8', '', ''),
(932, 'Raport proteine urinare/creatinina urinara', '', ''),
(933, 'Rata filtrării glomerulare (eGFR)', '', ''),
(934, 'rc7 Cefaclor, IgE specific', '', ''),
(935, 'Reactivi chimici (pax5), IgE specific', '', ''),
(936, 'Receptorul solubil pentru transferină', '', ''),
(937, 'Renina plasmatica directa', '', ''),
(938, 'Rezistența la proteina C activată (APCR)', '', ''),
(939, 'Rickettsia – serologie', '', ''),
(940, 'RPR (determinare reagine)', '', ''),
(941, 'RPR/VDRL cantitativ', '', ''),
(942, 'S100', '', ''),
(943, 'Salmonella-serologie', '', ''),
(944, 'Sange EDTA/metoda microfotometrica capilara', 'mm/h', '<30'),
(945, 'SCC (Antigen tumoral)', '', ''),
(946, 'Scleroza laterala amiotrofica – (SOD 1)', '', ''),
(947, 'Scor GALAD – evaluare risc cancer hepatic', '', ''),
(948, 'Seleniu', '', ''),
(949, 'Seleniu intracelular', '', ''),
(950, 'Serotonina serică', '', ''),
(951, 'Serotonina urinară', '', ''),
(952, 'SHBG (Sex Hormone Binding Globuline)', '', ''),
(953, 'Sideremie (Fier seric)', '', ''),
(954, 'Sindrom Alport – mutații COL4A5', '', ''),
(955, 'Sindrom Dravet – gena SCN1A', '', ''),
(956, 'Sindrom Prader Willi – testare genetică', '', ''),
(957, 'Sindrom Rett (MECP2)', '', ''),
(958, 'Sindrom von Hippel Lindau – testare genetică', '', ''),
(959, 'Sindromul X fragil (testare număr repetiții CGG)', '', ''),
(960, 'Sirolimus în sânge', '', ''),
(961, 'small dense LDL (sdLDL)', '', ''),
(962, 'Sodiu lichid de punctie', '', ''),
(963, 'Sodiu seric', '', ''),
(964, 'Sodiu urinar', '', ''),
(965, 'Spermocultură (cu antibiogramă după caz)', '', ''),
(966, 'Spermogramă', '', ''),
(967, 'SteatoScreen', '', ''),
(968, 'Sultiam', '', ''),
(969, 'Superoxid-dismutaza', 'mg/dL', 'Conform NCEP ATP III: - optim: < 150 - borderline crescut: 150-199 - crescut: 200-499 - foarte crescut: ≥ 500'),
(970, 't1 Acer negundo (artar american), IgE specific', '', ''),
(971, 't10 Juglans californica (nuc), IgE specific', '', ''),
(972, 'Tacrolimus în sânge', '', ''),
(973, 'Taenia solium – anticorpi in LCR', '', ''),
(974, 'Taenia solium: Anticorpi IgG', '', ''),
(975, 'TBG (globulina de legare a tiroxinei)', '', ''),
(976, 'Test Coombs direct', '', ''),
(977, 'Test Coombs indirect', '', ''),
(978, 'Test de degranulare a bazofilelor – 10 alergeni', '', ''),
(979, 'Test de degranulare a bazofilelor – 6 alergeni', '', ''),
(980, 'Test de degranulare a bazofilelor – 7 alergeni', '', ''),
(981, 'Test de degranulare a bazofilelor – 8 alergeni', '', ''),
(982, 'Test de degranulare a bazofilelor – 9 alergeni', '', ''),
(983, 'Test de degranulare a bazofilelor-1 alergen', '', ''),
(984, 'Test de degranulare a bazofilelor-2 alergeni', '', ''),
(985, 'Test de toleranță la glucoză per os (75g)', '', ''),
(986, 'Test de toleranță la glucoză-acromegalie (75g)', '', ''),
(987, 'Test IHC-Her2', '', ''),
(988, 'Test imunohistochimic (IHC) ALK în tumori pulmonare', '', ''),
(989, 'Test imunologic cantitativ pentru detectare hemoragii oculte din materiile fecale', '', ''),
(990, 'Test ISH pentru gena HER2/neu', '', ''),
(991, 'Test rapid FISH pentru detectare aneuploidii fetale (cromozomii 13, 18, 21, X si Y) din lichid amniotic', '', ''),
(992, 'Testare gena HER2/neu', '', ''),
(993, 'Testare genetica (secventiere exom)', '', ''),
(994, 'Testare genetica FISH profil LLC (17p13.1,cen12, 11q22.3,13q14.2)', '', ''),
(995, 'Testare genetica gena NAT2', '', ''),
(996, 'Testare genetica gena SOD2 – mutatie c.47T>C (p.Val16Ala)', '', ''),
(997, 'Testare genetica pentru controlul greutatii (Weight Sensor)', '', ''),
(998, 'Testare genetica sindrom Alagille', '', ''),
(999, 'Testare genetica sindrom Brugada', '', ''),
(1000, 'Testare genetica sindrom Marfan', '', ''),
(1001, 'Testare genetică – gena AR (androgen receptor)', '', ''),
(1002, 'Testare genetică – mutație cunoscută', '', ''),
(1003, 'Testare genetică afecțiuni epileptice', '', ''),
(1004, 'Testare genetică afecțiuni poligenice', '', ''),
(1005, 'Testare genetică autism', '', ''),
(1006, 'Testare genetică DAO (RS205, RS226, RS101, RS104)', '', ''),
(1007, 'Testare MLPA gena MECP2 (sindrom Rett)', '', ''),
(1008, 'Testare predispoziție genetică osteoporoză (mutații VDR, COL1A1)', '', ''),
(1009, 'Testarea prenatală neinvazivă pentru aneuploidii fetale – trisomie 13, 18, 21, prezența cromozomului Y (Veracity)', '', ''),
(1010, 'Testarea prenatală neinvazivă pentru aneuploidii fetale – trisomii 13, 18, 21, X, Y, microdeleții (Veracity)', '', ''),
(1011, 'Testarea prenatală neinvazivă pentru aneuploidii fetale – trisomii, microdeleții, boli monogenice (Veragene)', '', ''),
(1012, 'Testarea prenatală neinvazivă pentru aneuploidii fetale (NIFTY)', '', ''),
(1013, 'Testosteron', '', ''),
(1014, 'Testosteron biodisponibil', '', ''),
(1015, 'Testosteron liber', '', ''),
(1016, 'Testul monomerilor de fibrină – TMF', '', ''),
(1017, 'Testul NBT (nitrobluetetrazolium)', '', ''),
(1018, 'Testul Phadiatop', '', ''),
(1019, 'Testul Phadiatop Infant', '', ''),
(1020, 'TG (tiroglobulina)', '', ''),
(1021, 'TGF-beta', '', ''),
(1022, 'Thermoactinomyces vulgaris IgG (Gm23) – “plamanul fermierului”', '', ''),
(1023, 'Timidinkinaza', '', ''),
(1024, 'Timp de protrombina QUICK', '', ''),
(1025, 'Timp de sangerare', '', ''),
(1026, 'Timp de trombină', '', ''),
(1027, 'Timp de tromboplastină parțială activat (aPTT)', '', '');
INSERT INTO `nom_analize` (`IDA`, `DenumireA`, `Um`, `IntervalRef`) VALUES
(1028, 'Tiocianat în ser', '', ''),
(1029, 'Tipaj HLA-A (High resolution)', '', ''),
(1030, 'TIPAJ HLA-A (PCR)', '', ''),
(1031, 'TIPAJ HLA-B (PCR)', '', ''),
(1032, 'Tipaj HLA-C (PCR)', '', ''),
(1033, 'Tipaj HLA-DQ', '', ''),
(1034, 'Tipaj HLA-DR', '', ''),
(1035, 'Titan în ser', '', ''),
(1036, 'Topiramat', '', ''),
(1037, 'Toxocara canis-Anticorpi IgG', '', ''),
(1038, 'Toxocara spp – Anticorpi (Immunoblot) în ser/LCR', '', ''),
(1039, 'Toxoplasma gondii – anticorpi IgM, IgG în LCR', '', ''),
(1040, 'Toxoplasma gondii ADN in LCR', '', ''),
(1041, 'Toxoplasma gondii ADN in lichid amniotic', '', ''),
(1042, 'Toxoplasma gondii ADN in sange', '', ''),
(1043, 'Toxoplasma gondii-Anticorpi IgG', '', ''),
(1044, 'Toxoplasma gondii-Anticorpi IgM', '', ''),
(1045, 'Toxoplasma gondii-Aviditate IgG', '', ''),
(1046, 'Tramadol în ser', '', ''),
(1047, 'Transferina', '', ''),
(1048, 'Treponema pallidum ADN (sange, LCR, lichid amniotic)', '', ''),
(1049, 'Treponema pallidum-Anticorpi IgG (Blot)', '', ''),
(1050, 'Treponema pallidum-Anticorpi IgM (Blot)', '', ''),
(1051, 'Trichinella spiralis-Anticorpi IgG', '', ''),
(1052, 'Trigliceride', 'mg/dL', '-optim: <150\r\n-borderline crescut: 150-199\r\n-crescut: 200-499\r\n-foarte crescut: >=500\r\n'),
(1053, 'Trigliceride lichid punctie', '', ''),
(1054, 'Trimetilamină în urină', '', ''),
(1055, 'Triplu test (screening prenatal trim. II)', '', ''),
(1056, 'Triptaza', '', ''),
(1057, 'Troponina T inalt sensibila', '', ''),
(1058, 'Trypanosoma cruzi (boala Chagas) – serologie', '', ''),
(1059, 'TSH ( Hormon de stimulare tiroidiana )', 'µUI/mL', '0.27-4.2'),
(1060, 'TSH (Hormon de stimulare tiroidiană)', 'µUI/mL', '0.27 - 4.2'),
(1061, 'Tumor M2 PK (izoenzima M2 piruvatkinaza) în materii fecale', '', ''),
(1062, 'Tumor M2 PK (izoenzima M2 piruvatkinaza) în plasmă', '', ''),
(1063, 'tx1 (Acer negundo, Betulla verrucosa, Quercus alba, Ulmus americana, Juglans californica)', '', ''),
(1064, 'tx10 (Alnus incana, Betulla verrucosa, Corylus avellana, Fraxinus americana)', '', ''),
(1065, 'tx4 (Quercus alba, Ulmus americana, Platanus acerifolia, Salix caprea, Populus deltoides)', '', ''),
(1066, 'tx5 (Alnus incana, Corylus avellana, Ulmus americana, Salix caprea, Populus deltoides)', '', ''),
(1067, 'tx7 (Olea europaea, Salix caprea, Pinus strobus, Eucalyptus spp., Acacia longifolia, Melaleuca leucadendron)', '', ''),
(1068, 'tx8 (Acer negundo, Betulla verrucosa, Corylus avellana, Quercus alba, Juglans californica)', '', ''),
(1069, 'tx9 (Alnus incana, Betulla verrucosa, Corylus avellana, Quercus alba, Salix caprea)', '', ''),
(1070, 'UDP-Glucuronosiltransferaza – gena 1A1', '', ''),
(1071, 'Ureaplasma urealyticum-serologie', '', ''),
(1072, 'Uree serica', '', ''),
(1073, 'Uree urinara', '', ''),
(1074, 'Urina biochimie si sediment (sumar urină)', '', ''),
(1075, 'Urina-proba Stansfeld Webb', '', ''),
(1076, 'Urină – biochimie', '', ''),
(1077, 'Urină – sediment', '', ''),
(1078, 'Urocultură (cu antibiogramă după caz)', '', ''),
(1079, 'Vancomicina in ser', '', ''),
(1080, 'VEGF – factor de creștere vascular', '', ''),
(1081, 'Venin viespe (alergen recombinat: rVes v 1 – Phospholipase A1)', '', ''),
(1082, 'Venin viespe (alergen recombinat: rVes v5 – Antigen 5)', '', ''),
(1083, 'Virus Epstein-Barr (EBV)-Anticorpi VCA IgG', '', ''),
(1084, 'Virus herpes simplex (HSV) 1 si 2 IgG in LCR/ser', '', ''),
(1085, 'Virus herpetic (HSV) tip 1/2 ADN in LCR', '', ''),
(1086, 'Virus herpetic (HSV) tip 1/2 ADN in leziune', '', ''),
(1087, 'Virus herpetic (HSV) tip 1/2 ADN in sange', '', ''),
(1088, 'Virus herpetic uman (HHV) tip 6 ADN (in sange, LCR)', '', ''),
(1089, 'Virus herpetic uman (HHV) tip 6: Anticorpi IgG, IgM', '', ''),
(1090, 'Virus herpetic uman (HHV) tip 7 ADN (in sange, LCR)', '', ''),
(1091, 'Virus herpetic uman (HHV) tip 7: Anticorpi IgG, IgM', '', ''),
(1092, 'Virus herpetic uman (HHV) tip 8 ADN (in sange)', '', ''),
(1093, 'Virus herpetic uman (HHV) tip 8: Anticorpi IgG', '', ''),
(1094, 'Virus influenza A si B-serologie', '', ''),
(1095, 'Virus influenza A și B ARN (tampon nazal + faringian)', '', ''),
(1096, 'Virus parainfluenza-serologie', '', ''),
(1097, 'Virus sincitial respirator (RSV) – antigen', '', ''),
(1098, 'Virus sincitial respirator (RSV) ARN', '', ''),
(1099, 'Virus sincitial respirator (RSV) IgG, IgA', '', ''),
(1100, 'Virus urlian Ig G, Ig M', '', ''),
(1101, 'Virus urlian IgG in LCR/ser', '', ''),
(1102, 'Virus varicelo-zosterian – ADN in LCR', '', ''),
(1103, 'Virus varicelo-zosterian-Anticorpi IgG, IgM', '', ''),
(1104, 'Virus West-Nile IgG, IgM in LCR/ser', '', ''),
(1105, 'Virus West-Nile IgG, IgM in ser', '', ''),
(1106, 'Virusul encefaliei de capușă (TBEV) IgG, IgM în LCR/ser', '', ''),
(1107, 'Virusul encefalitei de capușă (TBEV) IgG, IgM', '', ''),
(1108, 'Virusul encefalitei de căpușă (TBEV) ARN (sânge, LCR)', '', ''),
(1109, 'Virusul hepatitei B-genotipare', '', ''),
(1110, 'Virusul hepatitei B-rezistenta la medicamente antivirale', '', ''),
(1111, 'Virusul hepatitei E – Anticorpi IgG, IgM (Westernblot)', '', ''),
(1112, 'Virusul rubeolei – Anticorpi IgG', '', ''),
(1113, 'Virusul rubeolei – Anticorpi IgM', '', ''),
(1114, 'Virusul rubeolei ARN (in sange, lichid amniotic, urina, LCR)', '', ''),
(1115, 'Virusul rubeolei IgG in LCR/ser', '', ''),
(1116, 'Virusul rubeolei-Aviditate IgG', '', ''),
(1117, 'Virusul rujeolei IgG in LCR/ser', '', ''),
(1118, 'Virusul rujeolei IgG, IgM', '', ''),
(1119, 'Virusul SARS-COV-2 – anticorpi IgG', '', ''),
(1120, 'Virusul SARS-CoV-2 – detectie antigen', '', ''),
(1121, 'Virusul varicelo-zosterian (VZV) ADN (in sange, LCR, lichid amniotic)', '', ''),
(1122, 'Virusul varicelo-zosterian IgG in LCR/ser', '', ''),
(1123, 'Virusul Zika – serologie', '', ''),
(1124, 'Vitamina A (retinol)', '', ''),
(1125, 'Vitamina B1', '', ''),
(1126, 'Vitamina B12', '', ''),
(1127, 'Vitamina B2', '', ''),
(1128, 'Vitamina B3 (Nicotinamida)', '', ''),
(1129, 'Vitamina B5 (acid pantotenic)', '', ''),
(1130, 'Vitamina B6', '', ''),
(1131, 'Vitamina C (analiza)', '', ''),
(1132, 'Vitamina E (tocoferol)', '', ''),
(1133, 'Vitamina H (biotina)', '', ''),
(1134, 'Vitamina K1', '', ''),
(1135, 'Viteza de sedimentare a hematiilor (VSH)', '', ''),
(1136, 'Volum eritrocitar mediu {VEM}', 'fL', '81 - 101'),
(1137, 'Volum trombocitar mediu {VTM}', 'fL', '7.4-13'),
(1138, 'w10 Chenopodium album (spanac salbatic), IgE specific', '', ''),
(1139, 'w11 Salsola kali (ciulin rusesc), IgE specific', '', ''),
(1140, 'w12 Solidago virdaurea (splinuta), IgE specific', '', ''),
(1141, 'w13 Xanthium commune (scaiete), IgE specific', '', ''),
(1142, 'w14 Amaranthus retroflexus (stir), IgE specific', '', ''),
(1143, 'w15 Atriplex lentiformis (ciulin alb), IgE specific', '', ''),
(1144, 'w16 Iva ciliate, IgE specific', '', ''),
(1145, 'w17 Kochia scoparia (maturi de casa), IgE specific', '', ''),
(1146, 'w18 Rumex acetosella (macris de padure), IgE specific', '', ''),
(1147, 'w19 Parietaria officinalis (parachernita), IgE specific', '', ''),
(1148, 'w2 Ambrosia psilostachya, IgE specific', '', ''),
(1149, 'w20 Urtica dioica (urzica), IgE specific', '', ''),
(1150, 'w203 Brassica napus (nap), IgE specific', '', ''),
(1151, 'w204 Helianthus annuus (floarea soarelui), IgE specific', '', ''),
(1152, 'w206 Matricaria chamomilla (musetel), IgE specific', '', ''),
(1153, 'w207 Lupinus spp. (lupin dulce), IgE specific', '', ''),
(1154, 'w21 Parietaria judaica, IgE specific', '', ''),
(1155, 'w210 Beta vulgaris (sfecla de zahar), IgE specific', '', ''),
(1156, 'w211 Parietaria iudaica (alergen recombinat: rPar j 2)', '', ''),
(1157, 'w22 Humulus scandens (hamei japonez), IgE specific', '', ''),
(1158, 'w3 Ambrosia trifida, IgE specific', '', ''),
(1159, 'w4 Franseria acanthicarpa, IgE specific', '', ''),
(1160, 'w5 Ambrosia absinthium, IgE specific', '', ''),
(1161, 'w6 Polen Artemisia vulgaris (pelin), IgE specific', '', ''),
(1162, 'w7 Chrysantemum leucanthemum (margareta), IgE specific', '', ''),
(1163, 'w8 Taraxacum vulgare (papadie), IgE specific', '', ''),
(1164, 'w9 Plantago lanceolata (patlagina ingusta), IgE specific', '', ''),
(1165, 'wx1 (Ambrosia elatior, Artemisia vulgaris, Plantago lanceolata, Chenopodium album, Salsola kali)', '', ''),
(1166, 'wx2 (Ambrosia psilostachya, Artemisia vulgaris, Plantago lanceolata, Chenopodium album, Atriplex lentiformis)', '', ''),
(1167, 'wx3 (Artemisia vulgaris, Plantago lanceolata, Chenopodium album, Solidago virdaurea, Urtica dioica)', '', ''),
(1168, 'wx7 (Chrysantemum leucanthemum, Taraxacum vulgare, Plantago lanceolata, Chenopodium album ,Solidago virdaurea)', '', ''),
(1169, 'Yersinia-Anticorpi IgG, IgA', '', ''),
(1170, 'Zinc în plasmă', '', ''),
(1171, 'Zinc în urină', '', ''),
(1172, 'Zonulin in ser', '', ''),
(1173, 'Zonulin în materii fecale', '', '');

-- --------------------------------------------------------

--
-- Structură tabel pentru tabel `tblperioada`
--

CREATE TABLE `tblperioada` (
  `DataI` date NOT NULL,
  `DataF` date NOT NULL
) ENGINE=InnoDB DEFAULT CHARSET=ucs2 COLLATE=ucs2_romanian_ci;

--
-- Eliminarea datelor din tabel `tblperioada`
--

INSERT INTO `tblperioada` (`DataI`, `DataF`) VALUES
('2018-01-01', '2022-06-30');

--
-- Indexuri pentru tabele eliminate
--

--
-- Indexuri pentru tabele `buletine`
--
ALTER TABLE `buletine`
  ADD PRIMARY KEY (`NrBuletin`);

--
-- Indexuri pentru tabele `buletine_analize`
--
ALTER TABLE `buletine_analize`
  ADD PRIMARY KEY (`NrBuletin`,`IDA`);

--
-- Indexuri pentru tabele `cfg_useri`
--
ALTER TABLE `cfg_useri`
  ADD PRIMARY KEY (`id_user`),
  ADD UNIQUE KEY `username` (`username`),
  ADD UNIQUE KEY `cnp` (`cnp`),
  ADD UNIQUE KEY `mail` (`mail`);

--
-- Indexuri pentru tabele `nom_analize`
--
ALTER TABLE `nom_analize`
  ADD PRIMARY KEY (`IDA`),
  ADD UNIQUE KEY `DenumireA` (`DenumireA`);

--
-- Indexuri pentru tabele `tblperioada`
--
ALTER TABLE `tblperioada`
  ADD PRIMARY KEY (`DataI`,`DataF`);

--
-- AUTO_INCREMENT pentru tabele eliminate
--

--
-- AUTO_INCREMENT pentru tabele `buletine`
--
ALTER TABLE `buletine`
  MODIFY `NrBuletin` int(11) NOT NULL AUTO_INCREMENT, AUTO_INCREMENT=13;

--
-- AUTO_INCREMENT pentru tabele `cfg_useri`
--
ALTER TABLE `cfg_useri`
  MODIFY `id_user` int(11) NOT NULL AUTO_INCREMENT, AUTO_INCREMENT=15;

--
-- AUTO_INCREMENT pentru tabele `nom_analize`
--
ALTER TABLE `nom_analize`
  MODIFY `IDA` int(11) NOT NULL AUTO_INCREMENT, AUTO_INCREMENT=1175;
COMMIT;

/*!40101 SET CHARACTER_SET_CLIENT=@OLD_CHARACTER_SET_CLIENT */;
/*!40101 SET CHARACTER_SET_RESULTS=@OLD_CHARACTER_SET_RESULTS */;
/*!40101 SET COLLATION_CONNECTION=@OLD_COLLATION_CONNECTION */;
